{
    "extrinsic": [
        [
            -0.26096158761962224,
            -0.9609391986858132,
            0.092167815511238,
            -2.842754864817562
        ],
        [
            -0.6859588217239349,
            0.1174087571757354,
            -0.7181056180239507,
            0.7055226314432894
        ],
        [
            0.6792345284849389,
            -0.250621308287058,
            -0.6898038961518891,
            4.564075410289251
        ],
        [
            0.0,
            0.0,
            0.0,
            1.0
        ]
    ],
    "intrinsic": {
        "width": 1920,
        "height": 1080,
        "fx": 935.3074360871938,
        "fy": 935.3074360871938,
        "cx": 959.5,
        "cy": 539.5
    }
}